{
  "annotations": [
    {
      "bookId": "CsgPAQAAMAAJ",
      "body": "asdasd",
      "title": "asdasd",
      "created": 1658832628026,
      "modified": 1658832628026,
      "manager": {},
      "annotWrapper": {},
      "id": 1
    },
    {
      "bookId": "mI5DEAAAQBAJ",
      "body": "asdads",
      "title": "asdasd",
      "created": 1658832719263,
      "modified": 1658832719263,
      "manager": {},
      "annotWrapper": {},
      "id": 3
    },
    {
      "bookId": "N2USBQAAQBAJ",
      "body": "asd",
      "title": "asd",
      "created": 1658832757058,
      "modified": 1658832757058,
      "manager": {},
      "annotWrapper": {},
      "id": 4
    },
    {
      "id": 5,
      "bookId": "YFbXWQJSQ0YC",
      "body": "",
      "title": "as",
      "created": 1658912953992,
      "modified": 1658913076174,
      "annotWrapper": {}
    },
    {
      "bookId": "YFbXWQJSQ0YC",
      "body": "",
      "title": "asda",
      "created": 1658912963288,
      "modified": 1658912963288,
      "annotWrapper": {},
      "id": 6
    },
    {
      "bookId": "u3AeAAAAMAAJ",
      "title": "ad",
      "body": "asd",
      "created": 1659255446596,
      "modified": 1659255446596,
      "annotWrapper": {},
      "id": 7
    },
    {
      "bookId": "u3AeAAAAMAAJ",
      "title": "ffgdg",
      "body": "dfgdfg",
      "created": 1659255828869,
      "modified": 1659255828869,
      "annotWrapper": {},
      "id": 9
    },
    {
      "bookId": "CsgPAQAAMAAJ",
      "title": "asd",
      "body": "asd",
      "created": 1659255893953,
      "modified": 1659255893953,
      "annotWrapper": {},
      "id": 10
    }
  ],
  "favs": [
    {
      "volumeInfo": {
        "imageLinks": {
          "thumbnail": "http://books.google.com/books/content?id=u3AeAAAAMAAJ&printsec=frontcover&img=1&zoom=1&edge=curl&source=gbs_api"
        },
        "title": "Kinse Shiriaku",
        "authors": [
          "Ken Yamaguchi"
        ]
      },
      "id": "u3AeAAAAMAAJ",
      "fav": true
    },
    {
      "volumeInfo": {
        "imageLinks": {
          "thumbnail": "http://books.google.com/books/content?id=CsgPAQAAMAAJ&printsec=frontcover&img=1&zoom=1&source=gbs_api"
        },
        "title": "Kinsey",
        "authors": [
          "Judith A. Reisman"
        ]
      },
      "id": "CsgPAQAAMAAJ",
      "fav": true
    }
  ]
}