[{"body":"new postman comment","date":1705,"postedOn":"now","authorId":"ID","id":"07af4d0e-d820-46e6-a9b9-2d5c0e44f01b","parentEntityId":"88171df8-3b15-4a66-b32b-509dcbf5a294"},{"body":"new postman comment","date":1705,"postedOn":"now","authorId":"ID","id":"1a0dfc96-5629-428f-bcb1-1366e650de74","parentEntityId":"eb8cede4-aeb6-4bc1-9bda-db3b2df62b5f"},{"body":"newest postman comment","date":1705,"authorId":"573b4c20-6d03-4a5d-9caf-4944a1e0feb1","id":"4dfbe359-9382-4cf2-b1fe-104915d17513","parentEntityId":"573b4c20-6d03-4a5d-9caf-4944a1e0feb1","created":1664949228871,"modified":1664949228871},{"body":"newest postman comment","date":1705,"authorId":"573b4c20-6d03-4a5d-9caf-4944a1e0feb1","id":"0cc10bb5-5dd5-44ed-b3c9-031a217749bc","parentEntityId":"573b4c20-6d03-4a5d-9caf-4944a1e0feb1","created":1664950231479,"modified":1664950231479},{"body":"newest postman comment","date":1705,"authorId":"573b4c20-6d03-4a5d-9caf-4944a1e0feb1","id":"48e55462-12d3-49a2-8fe4-4b6d7a5cbc21","parentEntityId":"573b4c20-6d03-4a5d-9caf-4944a1e0feb1","created":1664950247336,"modified":1664950247336}]