[{"id":"114bde57-7c9e-47a2-9b7a-aa43d9d4e5f5","name":"peshlaka1","date":1705,"poster":"https://poster.triennial.orbitel.bg/wp-content/uploads/2021/06/10r-poster-935x400.jpg","location":{"lat":-34.397,"lng":150.644},"participants":[]},{"id":"214bde57-7c9e-47a2-9b7a-aa43d9d4e5f5","name":"peshlaka2","date":1705,"poster":"https://poster.triennial.orbitel.bg/wp-content/uploads/2021/06/10r-poster-935x400.jpg","location":{"lat":-34.397,"lng":150.644},"participants":[]},{"id":"314bde57-7c9e-47a2-9b7a-aa43d9d4e5f5","name":"peshlaka3","date":1705,"poster":"https://poster.triennial.orbitel.bg/wp-content/uploads/2021/06/10r-poster-935x400.jpg","location":{"lat":-34.397,"lng":150.644},"participants":[]},{"id":"eb8cede4-aeb6-4bc1-9bda-db3b2df62b5f","name":"editednewpeshlaka2","date":1705,"poster":"https://poster.triennial.orbitel.bg/wp-content/uploads/2021/06/10r-poster-935x400.jpg","location":{"lat":-34.397,"lng":150.644},"participants":[]},{"name":"Ivans event1","date":"1234","organizer":"f5a8ba34-fa7f-4d94-bafb-ad8c39d2c512","id":"573b4c20-6d03-4a5d-9caf-4944a1e0feb1","modified":1665125385861},{"name":"Ivans event1","date":"1234","organizer":"f5a8ba34-fa7f-4d94-bafb-ad8c39d2c512","id":"2662775b-8ea6-46de-97f2-8f1050d6eac5","created":1665125396467,"modified":1665125396467},{"name":"Ivans event31","date":"1234","organizer":"f5a8ba34-fa7f-4d94-bafb-ad8c39d2c512","id":"ed7f29ce-cf7b-417e-87b9-6efbff8fde59","created":1665125402286,"modified":1665125402287}]